{"cameraMode":{"drawMode":0,"name":"Shaded","section":"Shading Mode"},"sceneLighting":true,"audioPlay":false,"sceneViewState":{"showFog":true,"showMaterialUpdate":true,"showSkybox":true,"showFlares":true,"showImageEffects":true,"showParticleSystems":true},"in2DMode":false,"pivot":{"x":-11.18013858795166,"y":-0.31110167503356936,"z":-0.8847289085388184},"rotation":{"x":0.2821033298969269,"y":0.05665973573923111,"z":-0.016692254692316057,"w":0.9575641751289368},"size":4.67149543762207,"orthographic":false}