{"cameraMode":{"drawMode":0,"name":"Shaded","section":"Shading Mode"},"sceneLighting":true,"audioPlay":false,"sceneViewState":{"showFog":true,"showMaterialUpdate":true,"showSkybox":true,"showFlares":true,"showImageEffects":true,"showParticleSystems":true},"in2DMode":false,"pivot":{"x":607.4546508789063,"y":64.55061340332031,"z":14.473480224609375},"rotation":{"x":-0.1433282345533371,"y":0.049262791872024539,"z":-0.007175025530159473,"w":-0.9884533882141113},"size":289.2054138183594,"orthographic":false}