{"cameraMode":{"drawMode":0,"name":"Shaded","section":"Shading Mode"},"sceneLighting":true,"audioPlay":false,"sceneViewState":{"showFog":true,"showMaterialUpdate":true,"showSkybox":true,"showFlares":true,"showImageEffects":true,"showParticleSystems":true},"in2DMode":false,"pivot":{"x":897.1221923828125,"y":310.6070861816406,"z":-131.46917724609376},"rotation":{"x":0.08389462530612946,"y":-0.012852572835981846,"z":0.001083846902474761,"w":0.9963962435722351},"size":145.5078582763672,"orthographic":false}