{"cameraMode":{"drawMode":0,"name":"Shaded","section":"Shading Mode"},"sceneLighting":true,"audioPlay":false,"sceneViewState":{"showFog":true,"showMaterialUpdate":true,"showSkybox":true,"showFlares":true,"showImageEffects":true,"showParticleSystems":true},"in2DMode":false,"pivot":{"x":-0.26886558532714846,"y":4.594932556152344,"z":-9.602487564086914},"rotation":{"x":0.23453253507614137,"y":0.20663899183273316,"z":-0.051103658974170688,"w":0.9485349059104919},"size":3.883080244064331,"orthographic":false}