{"cameraMode":{"drawMode":0,"name":"Shaded","section":"Shading Mode"},"sceneLighting":true,"audioPlay":false,"sceneViewState":{"showFog":true,"showMaterialUpdate":true,"showSkybox":true,"showFlares":true,"showImageEffects":true,"showParticleSystems":true},"in2DMode":false,"pivot":{"x":4.16932487487793,"y":-7.862432956695557,"z":0.5548417568206787},"rotation":{"x":0.1880662739276886,"y":0.7040122151374817,"z":-0.2023642510175705,"w":0.6542725563049316},"size":11.429651260375977,"orthographic":false}