{"cameraMode":{"drawMode":0,"name":"Shaded","section":"Shading Mode"},"sceneLighting":true,"audioPlay":false,"sceneViewState":{"showFog":true,"showMaterialUpdate":true,"showSkybox":true,"showFlares":true,"showImageEffects":true,"showParticleSystems":true},"in2DMode":false,"pivot":{"x":-10.029618263244629,"y":-1.7830268144607545,"z":4.739876747131348},"rotation":{"x":0.2821033298969269,"y":0.05665973573923111,"z":-0.016692254692316057,"w":0.9575641751289368},"size":3.134040594100952,"orthographic":false}