{"cameraMode":{"drawMode":0,"name":"Shaded","section":"Shading Mode"},"sceneLighting":true,"audioPlay":false,"sceneViewState":{"showFog":true,"showMaterialUpdate":true,"showSkybox":true,"showFlares":true,"showImageEffects":true,"showParticleSystems":true},"in2DMode":false,"pivot":{"x":631.7841796875,"y":183.7745361328125,"z":12.32977294921875},"rotation":{"x":0.008965441025793553,"y":0.08748634904623032,"z":-0.000787711120210588,"w":0.9961268901824951},"size":282.8407897949219,"orthographic":false}