{"cameraMode":{"drawMode":0,"name":"Shaded","section":"Shading Mode"},"sceneLighting":true,"audioPlay":false,"sceneViewState":{"showFog":true,"showMaterialUpdate":true,"showSkybox":true,"showFlares":true,"showImageEffects":true,"showParticleSystems":true},"in2DMode":false,"pivot":{"x":-2.2877378463745119,"y":0.06148815155029297,"z":0.7608251571655273},"rotation":{"x":0.21493519842624665,"y":0.6638988852500916,"z":-0.2082066386938095,"w":0.6853508353233337},"size":2.70739483833313,"orthographic":false}