{"cameraMode":{"drawMode":0,"name":"Shaded","section":"Shading Mode"},"sceneLighting":true,"audioPlay":false,"sceneViewState":{"showFog":true,"showMaterialUpdate":true,"showSkybox":true,"showFlares":true,"showImageEffects":true,"showParticleSystems":true},"in2DMode":false,"pivot":{"x":502.32958984375,"y":231.50901794433595,"z":35.1427001953125},"rotation":{"x":0.14783963561058045,"y":0.039155930280685428,"z":-0.005855009891092777,"w":0.9882243275642395},"size":413.1836853027344,"orthographic":false}