{"cameraMode":{"drawMode":0,"name":"Shaded","section":"Shading Mode"},"sceneLighting":true,"audioPlay":false,"sceneViewState":{"showFog":true,"showMaterialUpdate":true,"showSkybox":true,"showFlares":true,"showImageEffects":true,"showParticleSystems":true},"in2DMode":false,"pivot":{"x":-9.737053871154786,"y":2.6901767253875734,"z":-6.917954444885254},"rotation":{"x":0.34356600046157839,"y":0.29019299149513247,"z":-0.112533338367939,"w":0.8860697746276856},"size":0.9429528117179871,"orthographic":false}