{"cameraMode":{"drawMode":0,"name":"Shaded","section":"Shading Mode"},"sceneLighting":true,"audioPlay":false,"sceneViewState":{"showFog":true,"showMaterialUpdate":true,"showSkybox":true,"showFlares":true,"showImageEffects":true,"showParticleSystems":true},"in2DMode":false,"pivot":{"x":669.1084594726563,"y":452.2913513183594,"z":-45.0736083984375},"rotation":{"x":0.046479951590299609,"y":-0.012884321622550488,"z":0.0006018895073793829,"w":0.998845100402832},"size":429.3511657714844,"orthographic":false}